Title,Singer,Lyric
오래된 노래,스탠딩 에그,오래전에 함께 듣던 노래가 발걸음을 다시 멈춰 서게 해 이 거리에서 너를 느낄 수 있어 널 이곳에서 꼭 다시 만날 것 같아 너일까 봐 한 번 더 바라보고 너일까 봐 자꾸 돌아보게 돼 어디선가 같은 노래를 듣고 날 생각하며 너 역시 멈춰있을까 오래전에 함께 듣던 노래가 거리에서 내게 우연히 들려온 것처럼 살아가다 한 번쯤 우연히 만날 것 같아 사랑했던 그 모습 그대로 내 사랑이 그대로인 것처럼 발걸음이 여길 찾는 것처럼 꼭 만날 거야 지금 이 노래처럼 날 사랑하는 네 맘도 같을 테니까 오래전에 함께 듣던 노래가 거리에서 내게 우연히 들려온 것처럼 살아가다 한 번쯤 우연히 만날 것 같아 사랑했던 그 모습 그대로 운명처럼 아니면 우연처럼 우리가 다시 예전처럼 만날 수 있다면 너에게 나 해주고 싶은 말이 하나 있어 널 다시는 놓치지 않을게 오래전에 함께 듣던 노래가 거리에서 내게 우연히 들려온 것처럼 살아가다 한 번쯤 우연히 만날 것 같아 사랑했던 그 모습 그대로
스토커,10CM,나도 알아 나의 문제가 무엇인지 난 못났고 별 볼 일 없지 그 애가 나를 부끄러워 한다는 게 슬프지만 내가 뭐라고 빛나는 누군갈 좋아하는 일에 기준이 있는 거라면 이해할 수 없지만 할 말 없는걸 난 안경 쓴 샌님이니까 내가 이렇게 사랑하는데 이렇게 원하는데 나는 아무것도 할 수 없고 바라만 보는데도 내가 그렇게 불편할까요 내가 나쁜 걸까요 아마도 내일도 그 애는 뒷모습만 이제 알아 나의 할 일이 무엇인지 다 포기하고 참아야 하지 저 잘 나가는 너의 남자친구처럼 되고 싶지만 불가능하지 빛나는 누군갈 좋아하는 일에 기준이 있는 거라면 이해할 수 없지만 할 말 없는걸 난 안경 쓴 샌님이니까 내가 이렇게 사랑하는데 이렇게 원하는데 나는 아무것도 할 수 없고 바라만 보는데도 내가 그렇게 불편할까요 내가 나쁜 걸까요 아마도 내일도 그 애는 나는 왜 이런 사람 이런 모습이고 이런 사랑을 하고 나는 아무것도 될 수 없고 바라만 보는데도 내가 그렇게 불편하니까 내가 나쁜 거니까 아마도 내일도 그 애는 나도 알아 나의 문제가 무엇인지
오빠야,신현희와김루트,오빠야 내가 진짜 좋아하는 사람이 생겨서 혼자 끙끙 앓다가 죽어버릴 것만 같아서 얘기를 한다 눈 앞에 아른아른거리는 잘생긴 얼굴 자꾸 귀에 맴도는 그의 촉촉한 목소리 예 네가 좋아하는 그 남자 도대체 누구길래 이렇게나 들뜬 거니 얼굴은 어떻게 생겼는지 무슨 일을 하는지 나는 너무나 궁금해 나는 너를 좋아하고 너를 좋아하고 너도 나를 좋아하고 나를 좋아하고 우린 서로 좋아하는데도 그 누구도 말을 안 해요 나는 너를 좋아하고 너를 좋아하고 너도 나를 좋아하고 나를 좋아하고 우린 서로 좋아하는데도 그 누구도 말을 안 해요 말을 하면 멀어질까 너무 두려워 너를 잃기가 나는 너무 무서워 말을 하면 멀어질까 너무 두려워 너를 잃기가 나는 너무 무서워 예 좋아하는 마음에 떨리는 날들에 더 없이 덧없이 마음이 커지고 두근대는 마음에 설레는 날들에 난 헤어 나올 수 없어 나는 너를 좋아하고 너를 좋아하고 너도 나를 좋아하고 나를 좋아하고 우린 서로 좋아하는데도 그 누구도 말을 안 해요 나는 너를 좋아하고 너를 좋아하고 너도 나를 좋아하고 나를 좋아하고 우린 서로 좋아하는데도 그 누구도 말을 안 해요 나는 너를 좋아하고 너를 좋아하고 너도 나를 좋아하고 나를 좋아하고 우린 서로 좋아하는데도 그 누구도 말을 안 해요 나는 너를 좋아하고 너를 좋아하고 너도 나를 좋아하고 나를 좋아하고 우린 서로 좋아하는데도 그 누구도 말을 안 해요 나는 너를 좋아하고 너를 좋아하고 너도 나를 좋아하고 나를 좋아하고 우린 서로 좋아하는데도 그 누구도 말을 안 해요 나는 너를 좋아하고 너를 좋아하고 너도 나를 좋아하고 나를 좋아하고 우린 서로 좋아하는데도 그 누구도 말을 안 해요
마음,아이유,툭 웃음이 터지면 그건 너 쿵 내려앉으면은 그건 너 축 머금고 있다면 그건 너 둥 울림이 생긴다면 그건 너 그대를 보며 나는 더운 숨을 쉬어요 아픈 기분이 드는 건 그 때문이겠죠 나를 알아주지 않으셔도 돼요 찾아오지 않으셔도 다만 꺼지지 않는 작은 불빛이 여기 반짝 살아있어요 영영 살아있어요 눈을 떼지 못 해 하루종일 눈이 시려요 슬픈 기분이 드는 건 그 때문이겠죠 제게 대답하지 않으셔도 돼요 달래주지 않으셔도 다만 꺼지지 않는 작은 불빛이 여기 반짝 살아있어요 세상 모든 게 죽고 새로 태어나 다시 늙어갈 때에도 감히 이 마음만은 주름도 없이 여기 반짝 살아있어요 영영 살아있어요 영영 살아있어요
200%,AKMU (악뮤),uh 나를봐 나를봐 나를봐 날 바라봐 바라봐 바라봐 너를 본 내 마음속에 사랑이 내 본능이 고백 빨리 하라 해 네 주위를 둘러싼 수많은 경쟁자 Yes I'm a soldier for you sweet멘트 장전 발사하기 전에 제군들 입 풀었나 yes 완전 간장콩장콩장장 equals 간 콩장장 Yeah I'm ready 아침이 깨는 소리 Morning 바람들은 makes harmony 저물어가는 달빛은 let it go uh 여물어가는 romance 꿈꾸고 good night Hey baby it's comin' new day 새로운 느낌이야 이건 Hey 왜 이래 It's common lovesick 아무래도 이거는 이거는 It must be L O V E 200 percent sure of that I want you really I mean really 정말이야 널 좋아하는데 빨갛게 익은 내 얼굴이 그걸 증명해 나를 봐 나를 봐 나를 봐 날 바라봐 바라봐 바라봐 난 strawberry처럼 very very 상큼한 사람 don't worry worry 어리바리한 그대 주위 사람들은 모두 다 이기주의 밤낮을 걸으며 널 지켜줄 나와 달리 그들은 차 키를 과시하지만 BAD GUY 자다가 일어나 잠꼬대로도 널 찾네 아침이 깨는 소리 Morning 바람들은 makes harmony 저물어가는 달빛은 let it go 여물어가는 romance 꿈꾸고 Hello 어디 가는 거니 where you I'll be there 네가 있는 그 거리 that way 아직 우리 사이 서먹해도 그래도 try는 해봐야지 나라도 It must be L O V E 200 percent sure of that I want you really I mean really 정말이야 널 좋아하는데 빨갛게 익은 내 얼굴이 그걸 증명해 처음이야 이런 기분 멈추질 못하겠어 막 넘쳐 누가 잠가놓은 듯 내 입은 네 앞에서 오물쪼물 안 열려 내 부름에 뒤를 돌아보는 네 두 눈을 보니 I said see you tomorrow Oh baby it can't be over like this someone help me 내 맘을 전할 수 있다면 사실은 나 널 oh please 좋아하는데 I'm sure 모든 걸 담은 이 눈빛이 그걸 증명해 It must be L O V E 200 percent sure of that I want you really I mean really 정말이야 널 좋아하는데 빨갛게 익은 내 얼굴이 그걸 증명해 It must be L O V E
청춘 (Feat. 김창완),김필,언젠간 가겠지 푸르른 이 청춘 지고 또 피는 꽃잎처럼 달밝은 밤이면 창가에 흐르는 내 젊은 연가가 구슬퍼 가고없는 날들을 잡으려 잡으려 빈 손짓에 슬퍼지면 차라리 보내야지 돌아서야지 그렇게 세월은 가는거야 나를 두고 간 님은 용서하겠지만 날 버리고 가는 세월이야 정둘 곳 없어라 허전한 마음은 정답던 옛동산 찾는가 언젠간 가겠지 푸르른 이 청춘 지고 또 피는 꽃잎처럼 달밝은 밤이면 창가에 흐르는 내 젊은 연가가 구슬퍼 가고없는 날들을 잡으려 잡으려 빈 손짓에 슬퍼지면 차라리 보내야지 돌아서야지 그렇게 세월은 가는거야 언젠간 가겠지 푸르른 이 청춘 지고 또 피는 꽃잎처럼 달밝은 밤이면 창가에 흐르는 내 젊은 연가가 구슬퍼
사랑은 은하수 다방에서,10CM,사랑은 은하수 다방 문 앞에서 만나 홍차와 냉커피를 마시며 매일 똑같은 노래를 듣다가 온다네 그대는 물에 젖지 않은 성냥개비 같죠 아무리 싫은 표정 지어도 불타는 그 마음을 감출 수가 없다네 그대 나에게 무슨 말이라도 해주오 나는 찻잔에 무지개를 띄워주리 하루도 이틀도 사흘도 배겨낼 수가 없네 못 살고 못 죽고 그대 없는 홍대 상수동 신촌 이대 이태원 걸어 다닐 수도 없지 그대 나에게 무슨 말이라도 해주오 나는 찻잔에 무지개를 띄워주리 하루도 이틀도 사흘도 배겨낼 수가 없네 못 살고 못 죽고 그대 없는 홍대 상수동 신촌 이대 이태원 걸어 다닐 수도 없지 사랑은 은하수 다방 문 앞에서 만나 홍차와 냉커피를 마시며 매일 똑같은 노래를 듣다가 온다네 사랑은 은하수 다방 문 앞에서 만나 홍차와 냉커피를 마시며 매일 똑같은 노래를 듣다가 온다네 그대 그댈 그댄 그대 그댈 그댄 그대 그대 그댄 대박 대박
Little Star,스탠딩 에그,눈을 감고 내가 하는 이야기를 잘 들어봐 나의 얘기가 끝나기 전에 너는 꿈을 꿀거야 Little star tonight 밤새 내가 지켜줄거야 처음 너를 만났을 때 정말 눈이 부셨어 너의 미소를 처음 봤을 땐 세상을 다 가졌어 Little star tonight 밤새 내가 지켜줄거야 내 품에 안긴 채 곤히 잠든 널 보며 나는 잠시도 눈을 뗄 수 없어 이렇게 예쁜데 숨이 멎을 것 같아 내가 어떻게 잠들 수 있겠니 나의 사랑 나의 전부 하늘이 내린 천사 나의 두 눈을 나의 세상을 모두 훔쳐버렸어 Little star tonight 밤새 내가 지켜줄거야 내 품에 안긴 채 곤히 잠든 널 보며 나는 잠시도 눈을 뗄 수 없어 이렇게 예쁜데 숨이 멎을 것 같아 내가 어떻게 잠들 수 있겠니 눈을 감고 내가 하는 이야기를 잘 들어봐 나의 얘기가 끝나기 전에 너는 꿈을 꿀거야 Little star tonight 밤새 내가 지켜줄거야 내 사랑 tonight 밤새 내가 지켜줄거야 평생 내가 지켜줄거야
Give Love,AKMU (악뮤),니가 날 싫어해 하는 걸 알아 나는 서운해 그런 날 왜 너는 못 이해해 You don't understand 난 너를 좋아한다고 내가 뭘 잘못했는데 내게 왜 그러는데 그럴수록 난 되게 섭섭해 Oh I'm so sad 그러니까 슬슬 Let me come into your 마음 중요한 건 마음 결코 네 얼굴만 보고 좋아하는 거 아니 아니야 날 미워하는 너의 날이 선 말투까지도 사랑하게 된 거 이게 내 맘이야 너에 대한 건 사소한 것도 기억해 난 마니아 아무리 나삐 굴어도 넌 내게 이 순간 만화야 순정만화야 주인공은 맨날 맨날 이렇게 밤마다 기도해 Give Love 사랑을 좀 주세요 Give Love 사랑이 모자라요 매일매일 자라는 사랑을 그녀에게 주는데도 받질 않으니 Give Love 사랑을 좀 주세요 Give Love 사랑이 모자라요 매일매일 자라는 사랑을 그녀에게 주는데도 받질 않으니 Give Love Give Love Give Love 잘못한 것도 없는데 왜 무작정 싫어하고 보는 너 Why can't you understand me 난 너를 좋아한다고 네가 날 싫어해 하는 걸 안 후 부터 샘솟던 의욕이 다 시들고 설레던 내 맘도 끝이겠구나 했는데 또다시 슬금슬금 다가가도 될까 바라보는 것조차 싫어할까 봐 난 몰래 뒤에서 긍긍전전해 점점 해가 지면 달빛 정전에 용기가 나 내 맘을 전부 전해 하지만 그녀와 내 사이 거리 너무 멀어 주고 또 주는 사랑이 길바닥에 다 버려져 낙엽처럼 쌓이네 봄이 되면 흙으로 남아 혹시 기대해 싹이 될까 Give Love 사랑을 좀 주세요 Give Love 사랑이 모자라요 매일매일 자라는 사랑을 그녀에게 주는데도 받질 않으니 Give Love 사랑을 좀 주세요 Give Love 사랑이 모자라요 매일매일 자라는 사랑을 그녀에게 주는데도 받질 않으니 Give Love Give Love Give Love Give Love Give Love Give Love
"그대와 나, 설레임 (Feat. 소울맨)",어쿠스틱 콜라보,나 그대가 너무 좋은데 말하고 싶은데 용기가 안나 나도 그대가 너무 좋은데 말하고 싶은데 용기가 안나 사랑해 말하고 싶은데 이렇게 속만 태우다가 그대가 떠나가 버릴까 늘 바보같이 걱정만 하는 우리 오늘은 떨리는 맘으로 그대 바라보며 고백할게요 나도 오늘은 용기낼래요 그대 바라보며 고백할게요 사랑해 말하고 싶은데 이렇게 속만 태우다가 그대가 떠나가 버릴까 늘 바보같이 걱정만 하는 우리 그대 눈길보면 당황해서 눈을 돌리고 그대 앞에서면 바보같이 얼굴 붉히고 그대를 사랑한다 수없이 연습하고 연습했는데 말도 못하고 사랑해 말하고 싶은데 이렇게 속만 태우다가 그대가 떠나가 버릴까 늘 바보같이 걱정만 하는 우리
너 사용법,에디킴,부드럽게 무드있게 따뜻하게 꼭 안아주시오 매일 한 번씩 사용하시오 부드러운 눈 마주칠 땐 미소 지어서 그녀를 웃게 hey what's up beauty 말을 거시오 그날 아침엔 먼저 일어나서 turning on jazz Gentle kiss 널 바라봐 너무 지칠 땐 소주 두 병 들고 솔직하게 그녀의 집 두드리시오 가끔 한 번씩 무작정 같이 떠나가시오 다른 하늘 다른 바람 숨 쉬게 해줘 가끔 한 번씩 무작정 키스해주시오 이유 없이 너에게 빠진 그 날처럼 잘 때는 나긋하게 조용하게 눈물 나게 말해주시오 매일 한 번씩 너무 고마워 그날 아침엔 먼저 일어나서 clean up mass Last night 썸 널 깨우고 바래다줄 땐 발걸음 천천히 나직하게 그녀에게 고백하시오 다른 여자 앞에선 이성적이지만 이상하게 너 앞에선 감정이 앞서 널 사용하기엔 너무나 아까워 마냥 바라보기엔 넌 날 미치게 해 영원히 널 사용하고 싶어 Oh my girl Oh my girl 부드럽게 무드있게 따뜻하게 꼭 안아주시오 매일 한 번씩 사용하시오 잘 때는 나긋하게 조용하게 눈물 나게 말해주시오 매일 한 번씩 너무 고마워 이 아름다운 girl 놓치지 마시오
가끔 미치도록 네가 안고 싶어질 때가 있어,가을방학,만약이라는 두 글자가 오늘 내 맘을 무너뜨렸어 어쩜 우린 웃으며 다시 만날 수 있어 그렇지 않니 음악을 듣고 책을 읽고 영화를 보고 사람들을 만나고 우습지만 예전엔 미처 하지 못했던 생각도 많이 하게 돼 넌 날 아프게 하는 사람이 아냐 수 없이 많은 나날들 속을 반짝이고 있어 항상 고마웠어 아무도 이해할 수 없는 얘기겠지만 그렇지만 가끔 미치도록 네가 안고 싶어질 때가 있어 너 같은 사람은 너 밖에 없었어 마음 둘 곳이라곤 없는 이 세상 속에  넌 날 아프게 하는 사람이 아냐 수 없이 많은 나날들 속을 반짝이고 있어 항상 고마웠어 아무도 이해할 수 없는 얘기겠지만 그렇지만 가끔 미치도록 네가 안고 싶어질 때가 있어 너 같은 사람은 너 밖에 없었어 마음 둘 곳이라곤 없는 이 세상 속에
애상,10CM,말리지마 내 이런 사랑을 너만 보면 미칠 것 같은 이 맘을 누가 알겠어 웨딩드레스 입은 니 곁에 다른 사람이 알잖아 너를 이토록 사랑하며 기다린 나를 뭐가 그리 바쁜지 너무 보기 힘들어 넌 도대체 뭐하고 다니니 그게 아냐 이유는 묻지마 그냥 믿고 기다려 주겠니 내게도 사랑을 위한 시간이 필요해 널 받아들일 수 있게 일부러 피하는 거니 문자 해도 아무 소식 없는 너 싫으면 그냥 싫다고 솔직하게 말해봐 말리지마 내 이런 사랑을 너만 보면 미칠 것 같은 이 맘을 누가 알겠어 웨딩드레스 입은 니 곁에 다른 사람이 난 두려워 나보다 더 멋진 그런 남자 니가 만날까봐 아니야 그렇지 않아 정말 너 하나뿐야 속는셈 치고 한번 믿어봐 우연히 너를 보았지 다른 남자 품 안에 너를 한번도 볼 수 없었던 너무 행복한 미소 내 사랑은 무너져 버렸어 그게 아냐 변명이 아니라 그 남자는 나완 상관없어 잠시 나 어지러워서 기댄 것 뿐이야 날 오해하지 말아줘 나 역시 많은 여자들 만났다가 헤어져도 봤지만 한꺼번에 많은 여자를 만난 적은 없었어 니가 뭔데 날 아프게 하니 너 때문에 상처 돼버린 내 사랑 이제 다시는 너의 어떤 만남도 나 같은 사람 없을 걸 난 두려워 나 역시 다시는 이런 사랑할 수 없을까봐 믿을 수 없겠지만은 니가 첫사랑인데 떠나버리면 어떡하라고 사랑까지는 바라지도 않을께 니 곁에 항상 있게만 해줘 제발 제발
너무 아픈 사랑은 사랑이 아니었음을,김광석,그대 보내고 멀리 가을새와 작별하듯 그대 떠나 보내고 돌아와 술잔앞에 앉으면 눈물이 나누나 그대 보내고 아주 지는 별빛 바라볼때 눈에 흘러 내리는 못다한 말들 그 아픈 사랑 지울 수 있을까 어느 하루비라도 추억처럼 흩날리는 거리에서 쓸쓸한 사람되어 고개 숙이면 그대의 목소리 너무 아픈 사랑은 사랑이 아니었음을 너무 아픈 사랑은 사랑이 아니었음을 어느 하루 바람이 젖은 어깨 스치며 지나가고 내 지친 시간들이 창에 어리면 그대 미워져 너무 아픈 사랑은 사랑이 아니었음을 너무 아픈 사랑은 사랑이 아니었음을 이제 우리 다시는 사람으로 세상에 오지 말기 그립단 말들도 묻어버리기 못다한 사랑 너무 아픈 사랑은 사랑이 아니었음을 너무 아픈 사랑은 사랑이 아니었음을
서른 즈음에,김광석,또 하루 멀어져 간다 내뿜은 담배연기처럼 작기만한 내 기억속에 무얼 채워 살고있는지 점점 더 멀어져 간다 머물러 있는 청춘인줄 알았는데 뛰어가는 내 가슴속엔 더 아무것도 찾을 수 없네 계절은 다시 돌아오지만 떠나간 내 사랑은 어디에 내가 떠나 보낸 것도 아닌데 내가 떠나온 것도 아닌데 조금씩 잊혀져 간다 머물러 있는 사랑인줄 알았는데 또 하루 멀어져 간다 매일 이별하며 살고 있구나 매일 이별하며 살고 있구나 점점 더 멀어져 간다 머물러 있는 청춘인줄 알았는데 뛰어가는 내 가슴 속엔 더 아무것도 찾을 수 없네 계절은 다시 돌아오지만 떠나간 내 사랑은 어디에 내가 떠나 보낸것도 아닌데 내가 떠나온 것도 아닌데 조금씩 잊혀져 간다 머물러 있는 사랑인줄 알았는데 또 하루 멀어져 간다 매일 이별하며 살고 있구나 매일 이별하며 살고 있구나
봄봄봄,로이킴,봄 봄 봄 봄이 왔네요 우리가 처음 만났던 그때의 향기 그대로 그대가 앉아 있었던 그 벤치 옆에 나무도 아직도 남아있네요 살아가다 보면 잊혀질 거라 했지만 그 말을 하며 안 될 거란 걸 알고 있었소 그대여 너를 처음 본 순간 나는 바로 알았지 그대여 나와 함께 해 주오 이 봄이 가기 전에 다시 봄 봄 봄 봄이 왔네요 그대 없었던 내 가슴 시렸던 겨울을 지나 또 벚꽃 잎이 피어나듯이 다시 이 벤치에 앉아 추억을 그려 보네요 사랑하다 보면 무뎌질 때도 있지만 그 시간마저 사랑이란 걸 이제 알았소 그대여 너를 처음 본 순간 나는 바로 알았지 그대여 나와 함께 해 주오 이 봄이 가기 전에 우리 그만 참아요 이제 더 이상은 망설이지 마요 아팠던 날들은 이제 뒤로 하고 말할 거예요 그대여 너를 처음 본 순간 나는 바로 알았지 그대여 나와 함께 해 주오 이 봄이 가기 전에
I Love You,AKMU (악뮤),I Love You  저절로 네게 눈이 가 네가 입은 옷 무늬가 눈에 띄는 것도 아닌데 온종일 다른 일을 하고 있는 중에도 이 사람 참 괜찮단 말이야 네 행동 하나하나에 내가 들렸다 놓였다해 나 이리 자주 웃는 사람이 아닌데 돌아보면 너 때문에 당한 것도 많아 그 모든게 하나하나 다 싫지만은 않아 I love you 사랑해요 널 보는 날이면 둘만 만나는 날이 아닌데도 너에게만 잘 보이려고 막 그래 난 그래 I love you 사랑해요 널 보는 날이면 둘만 만나는 날이 아닌데도 막 설레고 그런다니깐요 네 행동 하나하나에 내가 들렸다 놓였다해 나 이리 자주 웃는 사람이 아닌데 돌아 보면 너 때문에 받은게 참 많아서 더 더 더 포기할 수 없었어요 써요 나만 마시는 사랑이 넘쳐요 그대 잔에 따라주고 싶은데 I’m waiting for you to say I love you 사랑해요 널 보는 날이면 둘만 만나는 날이 아닌데도 너에게만 잘 보이려고 막 그래 난 그래 I love you 사랑해요 널 보는 날이면 둘만 만나는 날이 아닌데도 막 설레고 그런다니깐요 I love you I love you I love you I love you I love you I love you 사랑해요 널 보는 날이면 둘만 만나는 날이 아닌데도 막 설레고 그런다니깐요 I love you I love you
잊어야 한다는 마음으로,김광석,잊어야 한다는 마음으로 내 텅 빈 방문을 닫은 채로 아직도 남아 있는 너의 향기 내 텅 빈 방 안에 가득한데 이렇게 홀로 누워 천정을 보니 눈 앞에 글썽이는 너의 모습 잊으려 돌아 누운 내 눈가에 말 없이 흐르는 이슬 방울들 지나간 시간은 추억 속에 묻히면 그만인 것을 나는 왜 이렇게 긴 긴 밤을 또 잊지 못해 새울까 창틈에 기다리던 새벽이 오면 어제보다 커진 내 방 안에 하얗게 밝아온 유리창에 썼다 지운다 널 사랑해 밤하늘에 빛나는 수많은 별들 저마다 아름답지만 내 맘 속에 빛나는 별 하나 오직 너만 있을 뿐이야 창틈에 기다리던 새벽이 오면 어제보다 커진 내 방 안에 하얗게 밝아온 유리창에 썼다 지운다 널 사랑해 하얗게 밝아온 유리창에 썼다 지운다 널 사랑해
"너에게 난, 나에게 넌",자전거 탄 풍경,너에게 난 해질녘 노을처럼 한편의 아름다운 추억이되고 소중했던 우리 푸르던날을 기억하며 우- 후회 없이 그림처럼 남아주기를  나에게 넌 내 외롭던 지난 시간을 환하게 비춰주던 햇살이 되고 조그맣던 너의 하얀 손위에 빛나는 보석처럼 영원의 약속이 되어  너에게 난 해질녘 노을처럼 한편의 아름다운 추억이되고 소중했던 우리 푸르던날을 기억하며 우 후회 없이 그림처럼 남아주기를  나에게 넌 초록의 슬픈 노래로 내작은 가슴속에 이렇게 남아 반짝이던 너의 예쁜 눈망울에 수많은 별이 되어 영원토록 빛나고 싶어  너에게 난 해질녘 노을처럼 한편의 아름다운 추억이되고 소중했던 우리 푸르던날을 기억하며 우 후회 없이 그림처럼 남아주기를  너에게 난 해질녘 노을처럼 한편의 아름다운 추억이되고 소중했던 우리 푸르던날을 기억하며 우 후회 없이 그림처럼 남아주기를
"수고했어, 오늘도",옥상달빛,세상 사람들 모두 정답을 알긴 할까 힘든 일은 왜 한번에 일어날까 나에게 실망한 하루 눈물이 보이기 싫어 의미 없이 밤 하늘만 바라봐 작게 열어둔 문틈 사이로 슬픔 보다 더 큰 외로움이 다가와 더 날 수고했어 오늘도 아무도 너의 슬픔에 관심 없대도 난 늘 응원해 수고했어 오늘도  빛이 있다고 분명 있다고 믿었던 길마저 흐릿해져 점점 더 날 수고했어 오늘도 아무도 너의 슬픔에 관심 없대도 난 늘 응원해 수고했어 수고했어 수고했어 오늘도  수고했어 오늘도 아무도 너의 슬픔에 관심 없대도 난 늘 응원해 수고했어 오늘도
사랑했지만,김광석,어제는 하루종일 비가 내렸어 자욱하게 내려앉은 먼지사이로 귓가에 은은하게 울려퍼지는 그대 음성 빗속으로 사라져버려 때론 눈물도 흐르겠지 그리움으로 때론 가슴도 저리겠지 외로움으로 사랑했지만 그대를 사랑했지만 그저 이렇게 멀리서 바라볼뿐 다가설 수 없어 지친 그대곁에 머물고 싶지만 떠날 수 밖에 그대를 사랑했지만 때론 눈물도 흐르겠지 그리움으로 때론 가슴도 저리겠지 외로움으로 사랑했지만 그대를 사랑했지만 그저 이렇게 멀리서 바라볼뿐 다가설 수 없어 지친 그대곁에 머물고 싶지만 떠날 수 밖에 그대를 사랑했지만 그대를 사랑했지만
넌 이별 난 아직 (With 한소현 Of 3rd Coast),스탠딩 에그,거짓말 이길 내 귀를 믿지 못해 지금 난이길 혼자서 걷지 못해 너의 말보다 그 눈이 더 차가워 아프지 않을 순간이 오긴 할까 나쁘지 않은 추억은 줬던 걸까 눈빛보다 참기 힘든 그 침묵 어떤 말을 해도 넌 이별 모든 걸 다 줘도 넌 이별 눈물로 애원을 해도 넌 이별 어떤 말을 해도 난 아직 모든걸 다 줘도 난 아직 남은 슬픔마저 베이고도 난 아직  헤어지자는 네 손을 놓지 못해 미안하다는 그 말도 믿지 못해 너의 말보다 그 눈이 더 차가워 사랑한다고 어제도 말했잖아 가지마 제발 이대로 떠나지마 눈빛보다 참기 힘든 그 침묵 어떤 말을 해도 넌 이별 모든걸 다 줘도 넌 이별 눈물로 애원을 해도 넌 이별 어떤 말을 해도 난 아직 모든걸 다 줘도 난 아직 남은 슬픔마저 베이고도 난 아직  어떤 말을 해도 넌 이별 모든걸 다 줘도 넌 이별 눈물로 애원을 해도 넌 이별 어떤 말을 해도 난 아직 모든걸 다 줘도 난 아직 남은 슬픔마저 베이고도 난 아직
부끄럼,멜로망스,쳐다보지 않아도 내 맘은 널 향해 있고 널 바라보길 바라고 쳐다본다 싶으면 혹시나 마주칠까 봐 쳐다보지도 못하고 어딜 보는 걸까 혹시 날 보는 걸까 너도 내 마음과 같은 맘이길 내 몸이 말을 안 들어 마음은 널 좋아한다 하는데 내 눈은 네 눈을 피해 내 몸이 말을 안 들어 마음은 다가가라고 하는데 그렇게 원하지 않던 부끄럼만 생겼네 한 번은 남자 답게 인사해 보고 싶은데 안녕이란 말도 못 꺼내 다른 친구들 앞에서 말 잘하는 수다쟁이 너 앞에 서면 벙어리 어딜 보는 걸까 혹시 날 보는 걸까 너도 내 마음과 같은 맘이길 내 몸이 말을 안 들어 마음은 널 좋아한다 하는데 내 눈은 네 눈을 피해 내 몸이 말을 안 들어 마음은 다가가라고 하는데 그렇게 원하지 않던 부끄럼만 생겼네 어쩌다 마주칠 때면 내 몸은 oh no 내 맘은 want her 너도 내 마음과 같은 맘이길 내 몸이 말을 안 들어 마음은 널 좋아한다 하는데 내 눈은 네 눈을 피해 내 몸이 말을 안 들어 마음은 다가가라는데 부끄럼만 내 몸이 말을 안 들어 마음은 널 좋아한다 하는데 내 눈은 네 눈을 피해 내 몸이 말을 안 들어 마음은 다가가라는데 부끄럼만 나 생겼네
어느 60대 노부부 이야기,김광석,곱고 희던 그손으로 넥타이를 매어주던 때 어렴풋이 생각나오 여보 그때를 기억하오 막내아들 대학시험 뜬눈으로 지내던 밤들 어렴풋이 생각나오 여보 그때를 기억하오 세월은 그렇게 흘러 여기까지 왔는데 인생은 그렇게 흘러 황혼에 기우는데 큰딸아이 결혼식날 흘리던 눈물방울이 이제는 모두 말라 여보 그눈물을 기억하오 세월이 흘러감에 흰머리가 늘어가네 모두가 떠난다고 여보 내손을 꼭 잡았소 세월은 그렇게 흘러 여기까지 왔는데 인생은 그렇게 흘러 황혼에 기우는데 다시 못올 그먼길을 어찌 혼자 가려하오 여기 날 홀로 두고 여보 왜 한마디 말이 없소 여보 안녕히 잘 가시게 여보 안녕히 잘 가시게 여보 안녕히 잘 가시게
가리워진 길,볼빨간사춘기,보일 듯 말 듯 가물거리는 안개 속에 쌓인 길 잡힐 듯 말 듯 멀어져가는 무지개와 같은 길 그 어디에서 날 기다리는지 둘러 보아도 찾을 수 없네 그대여 힘이 되주오 나에게 주어진 길 찾을 수 있도록 그대여 길을 터주오 가리워진 나의 길 이리로 가나 저리로 갈까 아득하기만 한데 이끌려 가듯 떠나는 이는 제 갈길을 찾았나 손을 흔들며 나 떠나 보낸 뒤 외로움만이 나를 감쌀 때 그대여 힘이 되주오 나에게 주어진 길 찾을 수 있도록 그대여 길을 터주오 가리워진 나의 길 그대여 힘이 되주오 나에게 주어진 길 찾을 수 있도록 그대여 길을 터주오 가리워진 나의 길
요즘 너 말야 (Album Edit),제이레빗(J Rabbit),요즘 너 말야 참 고민이 많아 어떡해야 할지 모르겠나봐 언제나 함께하던 너의 노래가 이젠 들리지가 않아 사실 넌 말야 참 웃음이 많아 누가 걱정하기 전에 툭툭털고 일어나 해맑은 미소로 날 반겨줄 거잖아 쉬운일은 아닐꺼야 어른이 된다는 건 말야 모두 너와 같은 마음이야 힘을 내보는거야 다시 너로 돌아가 이렇게 희망의 노랠불러 새롭게 널 기다리는 세상을 기대해봐 다시 달려가보는거야 힘이들고 주저앉고 싶을 땐 이렇게 기쁨의 노랠 불러 씩씩하게 언젠가 모든 추억이 될 오늘을 감사해 기억해 힘을 내 my friend  쉬운일은 아닐꺼야 어른이 된다는건말야 모두 너와 같은 마음이야 힘을 내보는거야 다시 너로 돌아가 이렇게 희망의 노랠 불러 새롭게 널 기다리는 세상을 기대해봐 다시 달려가보는거야 힘이들고 주저앉고 싶을 땐 이렇게 기쁨의 노랠 불러 씩씩하게 언젠가 모든 추억이 될 오늘을 감사해 기억해 힘을 내 my friend  널 위한 세상을 기대해 힘이들고 주저앉고 싶을 땐 이렇게 기쁨의 노랠 불러 씩씩하게 언젠가 모든 추억이 될 오늘을 감사해 기억해 힘을 내 my friend
쓰담쓰담,10CM,알고 있지 오늘따라 그대가 왜 이러는지 얼굴은 빨개지고 눈빛도 이상하고 집에 안가고 가만있어 오늘 같은 밤을 내내 기다렸어 투박한 내 두 손에 온몸을 맡겨줘요 할게 있어요 쓰담쓰담쓰담쓰담 쓰담쓰담쓰담다담 해볼까요 토닥토닥토닥토닥 토다닥디다리디독 해드릴까요 쓰잘데 없던 나의 손이 이런 용도일 줄이야 외로워 미칠 때마다 불러줘요 맙소사 그대 그대 나의 귓가에 귓가에 들리는 목소리 난 다 알았어요 tv를 보든 뭘 보든 식사 중이든 뭘 먹든 운전 중이든 언제라도 쓰담쓰담쓰담쓰담 쓰담쓰담쓰담다담 해볼까요 토닥토닥토닥토닥 토다닥디다리디독 해드릴까요 쓰잘 데 없던 나의 손이 이런 용도일 줄이야 외로워 미칠 때마다 불러줘요 쓰담쓰담쓰담쓰담 쓰담쓰담쓰담다담 해볼까요 토닥토닥토닥토닥 토다닥디다리디독 해드릴까요 오갈 데 없던 나에게도 이런 날이 올 줄이야 외로워 미칠 때마다 밤이 외로워 미칠 때마다 그대 두 볼이 빨개질 때마다 불러줘요
Nothing Without You,10CM,너의 책상 너의 만년필 A4종이에 남긴 메세지 한참을 멍하니 바라보다가도 문득 너의 남방 너의 청바지 낡은 냄새가 배인 목도리 한참을 멍하니 만져보다가도 문득 I'm nothing without you I'm nothing without you 종일 웃고 있다가도 I'm nothing without you I'm nothing without you 괜한 운이 좋을 때도 너의 장난 우스갯소리 테입에 담긴 너의 노랫말 한참을 멍하니 듣고 있다가도 문득 사람들과 인사를 하고 짓궂은 얘길 웃어 넘기고 아무일도 없이 아무런 걱정 없이 일상을 살다가도 I'm nothing without you I'm nothing without you 종일 웃고 있다가도 I'm nothing without you I'm nothing without you 괜한 운이 좋을 때도 want you to know that want you to know that want you to know that want you to know that want you to know that want you to know that
"걷자, 집앞이야 (Feat. 주예인)",스무살,hey you 지금 나와 one step two step and three step and falling I just want to be with you 너와 함께 걷고 싶어 one step two step and three step your so lovely with you one 너와 내가 함께했던 너와 내가 걸었었던 발끝에 하얀빛이 흩날릴 때 two 기다리고 기다렸던 눈물나게 아름다운 날씨는 향기마저 so beautiful so wonderful so beautiful 봄처럼 내 손잡아줄래 beautiful girl so wonderful boy 완벽한 하루니까 hey you 지금 나와 집 앞이야 one step two step and three step and falling want to be with you 너와 함께 걷고싶어 one step two step and three step your so lovely with you oh dream 한여름밤의 꿈이 아냐 너와 내가 함께 온거야 작년엔 혼자만 왔었던 이 거리에 for you 꿈꾸는 것 같아 아직 난 정말 너 so beautiful so wonderful so beautiful 봄처럼 내 손잡아줄래 beautiful girl so wonderful boy 완벽한 하루니까 hey you 지금 나와 집 앞이야 one step two step and three step and falling want to be with you 너와 함께 걷고싶어 one step two step and three step your so lovely with you stay stay 이젠 더이상 출구가 없어 그러니까 오늘부터 우린이제 신경쓰는 사이야 사랑하는 사이야 늦은밤에도 걸을 수 있는 같이 one step two step and three step and falling 너와 함께 걷고싶어 one step two step and three step and falling want to be with you one step two step and three step your so lovely with you
그게 아니고,10CM,어두운 밤 골목길을    혼자 털레털레 오르다    지나가는 네 생각에    내가 눈물이 난 게 아니고    이불자리를 치우다    너의 양말 한 짝이 나와서    갈아 신던 그 모습이    내가 그리워져 운 게 아니고    보일러가 고장 나서 울지        책상서랍을 비우다    니가 먹던 감기약을 보곤    환절기마다 아프던    니가 걱정돼서 운 게 아니고    선물 받았던 목도리    말라빠진 어깨에 두르고    늦은 밤 내내 못 자고    술이나 마시며 운 게 아니고    보일러가 고장 나서 울지        어두운 밤 골목길을    혼자 털레털레 오르다    지나가는 네 생각에 우네
시간이 달라서,스탠딩 에그,처음엔 바빠서 잘해주지 못했어 나중엔 나빠서 아프게만 했어 그때는 몰랐어 그때 그 눈물이 마지막이란걸 그땐 내가 부족해 해주지 못 했지만 이젠 네가 없어서 해줄 수가 없어 그때는 몰랐어 그때가 아니면 소용 없다는걸 그때 그거리엔 네가 있어 지금 이거리엔 내가 있어 서로가 멀리서 말하고 있어 사랑해 사랑해 사랑해 그때는 네가 날 기다렸고 이제는 내가 널 기다리고 시간이 달라서 만날수 없어 미안해 미안해 미안해 say goodbye 그때는 어려서 나밖에 몰랐었어 항상 네가 내곁에 있을줄 알았어 그때는 몰랐어 너의 빈자리가 나의 전부란걸 그때 그거리엔 네가 있어 지금 이거리엔 내가 있어 서로가 멀리서 말하고 있어 사랑해 사랑해 사랑해 그때는 네가 날 기다렸고 이제는 내가 널 기다리고 시간이 달라서 만날수 없어 미안해 미안해 미안해 say goodbye 그때 그거리엔 내가 없어 지금 이거리엔 네가 없어 서로가 멀어서 들리지 않아 사랑해 사랑해 사랑해 그때는 네가 날 사랑했고 이제는 내가 널 사랑하고 시간이 달라서 만날수 없어 미안해 미안해 미안해 say goodbye
10월의 날씨,10CM,오늘의 날씨는 그리 맑지 않지만 선선한 바람이 불어 포근합니다 오늘의 날씨를 난 믿지 않지만 참 오랜만에 외출을 준비합니다 용기를 내 거리를 나와보니 괜히 나만 우울했나 봐 젖은 우산 같던 마음도 마를 것 같아 기분 좋은 남들처럼 아름답기만 한 하루가 이제 시작될 줄 알았는데 뜬금없이 구름이 몰려 또 한바탕 소나기를 뿌리고 우산 따위 있을 리 없지 오늘 분명히 비는 없다 했는데 그랬는데 오늘의 날씨를 누가 믿느냐고 아무것도 모르면서 웃지 말아요 빗물이 내리면 눈물이 흐르는 사연 하나 없는 사람은 없으니까요 고갤 들어 주위를 둘러보니 괜히 나만 우울한가 봐 사람들은 하나같이 웃는 것 같아 기분 좋은 남들처럼 아름답기만 한 하루가 나도 시작될 줄 알았는데 뜬금없이 구름이 몰려 또 한바탕 소나기를 뿌리고 우산 따위 있을리 없지 오늘 분명히 비는 없다 했는데 사람들이 이상한 건지 아님 나 혼자 이상하게 아픈지 나 어떡하지 어디로 가지 오늘 분명히 비는 없다 했는데 그랬는데
바람이 불어오는 곳,김광석,바람이 불어오는 곳 그 곳으로 가네 그대의 머릿결 같은 나무 아래로 덜컹이는 기차에 기대어 너에게 편지를 쓴다 꿈에 보았던 길 그 길에 서 있네 설레임과 두려움으로 불안한 행복이지만 우리가 느끼며 바라볼 하늘과 사람들 힘겨운 날 들도 있지만 새로운 꿈들을 위해 바람이 불어오는 곳 그 곳으로 가네 햇살이 눈부신 곳 그 곳으로 가네 바람에 내 몸 맡기고 그 곳으로 가네 출렁이는 파도에 흔들려도 수평선을 바라보며 햇살이 웃고 있는 곳 그 곳으로 가네 나뭇잎이 손짓 하는 곳 그 곳으로 가네 휘파람 불며 걷다가 너를 생각해 너의 목소리가 그리워도 뒤돌아 볼 수는 없지 바람이 불어오는 곳 그 곳으로 가네
먼지가 되어 (스튜디오 녹음중에서),김광석,
이등병의 편지,김광석,집 떠나와 열차타고 훈련소로 가는 날 부모님께 큰절하고 대문밖을 나설 때 가슴 속에 무엇인가 아쉬움이 남지만 풀 한포기 친구얼굴 모든 것이 새롭다 이제 다시 시작이다 젊은 날의 생이여 친구들아 군대가면 편지 꼭 해다오 그대들과 즐거웠던 날들을 잊지 않게 열차시간 다가올 때 두손 잡던 뜨거움 기적소리 멀어지면 작아지는 모습들 이제 다시 시작이다 젊은 날의 꿈이여 짧게 잘린 내 머리가 처음에는 우습다가 거울 속에 비친 내 모습이 굳어진다 마음까지 뒷동산에 올라서면 우리 마을 보일런지 나팔소리 고요하게 밤하늘에 퍼지면 이등병의 편지 한장 고이 접어 보내오 이제 다시 시작이다 젊은 날의 꿈이여
얼음들,AKMU (악뮤),붉은 해가 세수하던 파란 바다 검게 물들고 구름 비바람 오가던 하얀 하늘 회색 빛들고 맘속에 찾아온 어둠을 그대로 두고 밤을 덮은 차가운 그림자마냥 굳어간다 얼음들이 녹아지면 조금 더 따뜻한 노래가 나올텐데 얼음들은 왜 그렇게 차가울까 차가울까요 Why are they so cold Why are they so cold 붉은 해가 세수하던 파란 바다 그 깊이 묻힌 옛 온기를 바라본다 too late get it out 어른들 세상 추위도 풀렸으면 해 얼었던 사랑이 이젠 주위로 흘렀으면 해 맘속에 찾아온 어둠을 그대로 두고 밤을 덮은 차가운 그림자마냥 굳어간다 얼음들이 녹아지면 조금 더 따뜻한 노래가 나올텐데 얼음들은 왜 그렇게 차가울까 차가울까요 얼음들이 녹아지면 조금 더 따뜻한 노래가 나올텐데 얼음들은 왜 그렇게 차가울까 차가울까요 Why are they so cold Why are they so cold
외국인의 고백,AKMU (악뮤),당신은 Good이에요 당신은 Great해요 당신은 Amazing Marvellous Excellent Awesome Attractive한 그댈 보면 난 Qurious해 당신은 Fantastic해요 당신은 Elegant해요 당신은 Astonishing Gorgeous Fascinating Lovesome Sensational한 그댈 보면 난 Qurious해 너무 Fancy한 그댈 보면 내 마음이 Pitapatting pi pitapatting 네 얼굴만 보면 두 다리가 Tremble Tremble Tremble 하고 싶었던 말은 I I I love you I I I love you 다른 어려운 말보다도 더 내 맘인 말이에요 말이 잘 안 나와요 아니 말을 몰라요 넘치는 사랑을 표현할 수가 없어요 그래서 이렇게 나는 노래해요 너무 Fancy한 그댈 보면 내 마음이 Pitapatting pi pitapatting 네 얼굴만 보면 두 다리가 Tremble Tremble Tremble 하고 싶었던 말은 I I I love you I I I love you 다른 어려운 말보다도 더 내 맘인 말이에요 하고 싶었던 말은 I I I love you I I I love you 다른 어려운 말보다도 더 내 맘인 말이에요 당신은 Good이에요 당신은 Great해요 당신은 Amazing Marvellous Excellent Awesome Attractive한 그댈 보면 난 Qurious해 난 Qurious해 워어 난 Qurious해
피노키오,로이킴,오늘도 그대는 웃네요 나 멀리서 그댈 따라서 웃죠 어쩌면 한번쯤은 날 보며 그대가 꼭 웃어 줄것만 같아 실 바람 타고 그대의 향기가 코끝에 스치네 나의 곁에 오 그대의 눈빛을 보면 떨려오네 먼 훗날 언젠가는 기억될 내 사랑 소중한 그대여 오늘은 그대가 우네요 난 뒤에서 그댈 따라서 울죠 어쩌면 한번쯤은 그대의 두 눈에 눈물을 닦아 주고파 밤 바람이 많이 차요 내게로 오 안아줄게요 나의 곁에 오 그대의 눈빛을 보면 떨려오네 먼 훗날 언젠가는 기억될 내 사랑 소중한 사람 그대만이 운명이죠 우리 언젠가 함께할 그날을 그대만을 I love you
언젠가 설명이 필요한 밤,안녕하신가영,너의 웃는 모습은 내가 아는 모든 것들을 전부 있게 만들었지만 널 꿈꾸던 순간은 어느샌가 많은 것들에 조금씩 잊어야 했나 봐 수없이 많은 밤을 뜬 눈으로 지새워도 이유가 없는 밤이었지 수많은 밤이 지나 이유를 모르던 밤들은 한낱 꿈이 돼 버렸지 이루어질 수조차도 없는 눈을 뜨면 더 어두운 밤 눈을 감으면 환하게 빛나는 밤 쉽게 잠들지 못하는 밤은 항상 언젠가 설명이 필요한 밤 눈을 뜨면 네가 없어서 눈을 감아야 너를 볼 수 있는 밤 너를 생각하면 언젠가 설명이 필요한 밤 수없이 많은 밤을 뜬 눈으로 지새워도 이유가 없는 밤이었지 수많은 밤이 지나 이유를 모르던 밤들은 한낱 꿈이 돼 버렸지 이루어질 수조차도 없는 눈을 뜨면 더 어두운 밤 눈을 감으면 환하게 빛나는 밤 쉽게 잠들지 못하는 밤은 항상 언젠가 설명이 필요한 밤 눈을 뜨면 네가 없어서 눈을 감아야 너를 볼 수 있는 밤 너를 생각하면 언젠가 설명이 필요한 밤
Love Love Love,로이킴,그대여 나 그대 눈을 처음 본 순간부터 오 난 그대여 난 알 수 없는 설레는 향기 속에 빠져 난 그대 눈을 항상 바라만 봤었고 그대도 나를 항상 바라길 바랐소 나 이젠 말할 거예요 이 목소리에 담아서 오 Love 오 Love 그래요 난 그대를 난 너무나 좋아합니다 Love 오 Love 그래요 난 그대를 난 정말로 사랑합니다 Love Love Love Love Love Love Love Love Love 오 그대여 나 그댈 바라보는 것만으로도 오 난 오 그대여 나 그댈 생각하는 것만으로도 오 난 하루 하루가 항상 빠르게 갔었고 그대도 나를 항상 바라길 바랐소 나 이젠 말할 거예요 이 목소리에 담아서 오 Love 오 Love 그래요 난 그대를 난 너무나 좋아합니다 Love 오 Love 그래요 난 그대를 난 정말로 사랑합니다 Love Love Love Love Love Love Love Love Love Love Love Love Love Love Love Love Love Love Love Love Love Love 오 Love 그래요 난 그대를 난 너무나 좋아합니다 Love 오 Love 그래요 난 그대를 난 정말로 사랑합니다 Love 오 Love 그래요 난 그대를 난 너무나 좋아합니다 Love 오 Love 그래요 난 그대를 난 정말로 사랑합니다 Love Love Love Love Love Love Love Love Love Love Love Love Love Love Love Love Love Love Love Love Love
Home,로이킴,화려한 불빛들 그리고 바쁜 일상들 뒤에 숨겨진 초라한 너의 뒷모습과 하고 싶은 일 해야만 하는 일 사이에서 고민하는 너의 무거운 어깨를 위해 너의 발걸음이 들릴 때 웃으며 마중을 나가는 게 너에게 해줄 수 있는 나의 유일한 선물이었지 어디 아픈 덴 없니 많이 힘들었지 난 걱정 안 해도 돼 너만 괜찮으면 돼 가슴이 시릴 때 아무도 없을 땐 늘 여기로 오면 돼 어두운 방에서 홀로 누워 사랑하는 사람을 사랑할 수 없는 너를 위해 현실 속에 무너져 내리는 가슴을 잡고 또 길을 나서는 너를 위해 너의 발걸음이 들릴 때 웃으며 마중을 나가는 게 너에게 해줄 수 있는 나의 유일한 선물이었지 어디 아픈 덴 없니 많이 힘들었지 난 걱정 안 해도 돼 너만 괜찮으면 돼 가슴이 시릴 때 아무도 없을 땐 늘 여기로 오면 돼 여기로 오면 돼
흐린 가을 하늘에 편지를 써,김광석,비가 내리면 음 나를 둘러싸는 시간의 숨결이 떨쳐질까 비가 내리면 음 내가 간직하는 서글픈 상념이 잊혀질까 난 책을 접어놓으며 창문을 열어 흐린 가을 하늘에 편지를 써 음 잊혀져 간 꿈들을 다시 만나고파 흐린 가을 하늘에 편지를 써 음 잊혀져 간 꿈들을 다시 만나고파 흐린 가을 하늘에 편지를 써 바람이 불면 음 나를 유혹하는 안일한 만족이 떨쳐질까 바람이 불면 음 내가 알고 있는 허위의 길들이 잊혀질까 난 책을 접어놓으며 창문을 열어 흐린 가을 하늘에 편지를 써 음 잊혀져 간 꿈들을 다시 만나고파 흐린 가을 하늘에 편지를 써 난 책을 접어 놓으며 창문을 열어 흐린 가을 하늘에 편지를 써 음 잊혀져 간 꿈들을 다시 만나고파 흐린 가을 하늘에 편지를 써 난 책을 접어 놓으며 창문을 열어 흐린 가을 하늘에 편지를 써 음 잊혀져 간 꿈들을 다시 만나고파 흐린 가을 하늘에 편지를 써 난 책을 접어 놓으며 창문을 열어 흐린 가을 하늘에 편지를 써 음 잊혀져 간 꿈들을 다시 만나고파 흐린 가을 하늘에 편지를 써
짝사랑,10CM,그대의 표정이 너무 차가와서 나의 말은 닿기도 전에 얼어붙네 그대의 말투가 너무 건조해서 나의 맘은 열기도 전에 시들었지 혼자 나누는 사랑도 아름답지만 오늘 같은 새벽에 이런 뻔한 노랠 누가 듣는다고 그대여 먼저 잠들지 말고 오늘밤 나를 생각해주오 아직도 뒤척이는 나처럼 한번쯤은 그대의 마음이 너무 뾰족해서 내 맘대로 만지기엔 겁이 나네 그대의 대답은 너무 당연하고 나도 같이 끄덕이며 웃어버렸지 혼자 내뱉는 사랑도 의미는 있지만 오늘 같은 새벽에 이런 뻔한 노랠 누가 듣는다고 그대여 먼저 잠들지 말고 오늘밤 나를 생각해주오 아직도 뒤척이는 나처럼 한번쯤은 그대여 나를 생각해주오 오늘밤 나를 걱정해주오 여전히 뒤척이는 나처럼 한번쯤은 한번쯤은
너를 잊을 수 있을까,어쿠스틱 콜라보,시간은 생각보다 앞서 흘러가곤 해 나만 여기 남겨져 있어 혼자 걷다 자꾸 멈추곤 해 아직 네가 있는 듯 한데 돌아보면 없어서 아무리 마음 아파도 좋았던 일만 자꾸 떠올라 나를 괴롭혀 어쩌다 이렇게나 멀어지고 만걸까 곧 괜찮아진다 해도 아직은 차마 널 보낼 수 없는 나를 잠깐 기다려 줄래 조금만 천천히 가줘 시간은 생각보다 더디 흘러가곤 해 전혀 괜찮아지지가 않아 떠난 너를 붙잡지도 보내지도 못해 울지도 못해 정말 이게 끝인거니 아무리 마음 아파도 어느새 모두 흐려지겠지 우리 추억이 어쩌다 이렇게나 멀어지고 만걸까 곧 괜찮아진다 해도 네 빈자리가 낯설기만 해 조금 천천히 돌아서줄래 아마 그럴 순 없겠지 정말 고맙고 미안했다고 못다 전한 말이 너무 많은데 너를 잊을 수 있을까 너를 지우려 할수록 더 선명하게 떠올라 나를 괴롭히는데 모든 기억이 그립기만 해 너 다시 돌아 온다면 네 품에 안겨 힘들었다고 말하고 실컷 울고만 싶어 아마 그럴 순 없겠지 이런게 이별이겠지
걱정말아요 그대,"곽진언, 김필",그대여 아무 걱정말아요 그대여 아무 걱정하지말아요 우리 함께 노래 합시다 그대 아픈 기억들 모두 그대여 그대 가슴 깊이 묻어 버리고 지나간 것은 지나간 대로 그런 의미가 있죠 떠난이에게 노래 하세요 후회없이 사랑했노라 말해요 후회없이 사랑했노라 말해요 지나간 것은 그런 의미가 있죠 떠난 이에게 노래 하세요 후회없이 사랑했노라 말해요 그대여 아무 걱정말아요 그대여 아무 걱정말아요 그대여 아무 걱정말아요 그대여 아무 걱정말아요
거리에서,김광석,거리에 가로등불이 하나 둘씩 켜지고 검붉은 노을너머 또하루가 저물땐 왠지 모든 것이 꿈결 같아요 유리에 비친 내 모습은 무얼 찾고 있는지 뭐라 말하려해도 기억하려 하여도 허한 눈길만이 되돌아와요  그리운 그대 아름다운 모습으로 마치 아무 일도 없던것처럼 내가 알지 못하는 머나먼 그곳으로 떠나버린 후 사랑의 슬픈 추억은 소리없이 흩어져 이젠 그대 모습도 함께 나눈 사랑도 더딘 시간속에 잊혀져가요  거리에 짙은 어둠이 낙엽처럼 쌓이고 차가운 바람만이 나의 곁을 스치면 왠지 모든 것이 꿈결 같아요 옷깃을 세워 걸으며 웃음지려 하여도 떠나가던 그대의 모습 보일것 같아 다시 돌아보며 눈물 흘려요  그리운 그대 아름다운 모습으로 마치 아무 일도 없던것처럼 내가 알지 못하는 머나먼 그곳으로 떠나버린 후 사랑의 슬픈 추억은 소리없이 흩어져 이젠 그대 모습도 함께 나눈 사랑도 더딘 시간속에 잊혀져가요
작은별,AKMU (악뮤),밤 중 어딘가 소녀의 기도 소리가 들려오면 그건 작은 별의 잠꼬대일 거야 밤 중 어딘가 소년의 고백소리가 들려오면 그건 작은 별의 뒤척임일 거야 가끔 밤하늘을 보면 평소에는 보이지 않던 같은 모양의 빛깔이 떠다니지 저게 인공위성일까 별이었으면 좋겠다 눈에 안 보일 뿐이지 별은 사라지지 않아 나이를 먹은 하늘 눈이 침침할 뿐이야 여전히 별은 빛난대 반짝반짝 작은 별님 날 조금만 비춰주세요 이제 어때 좀 봐줄 만은 한가요 동쪽 하늘 서쪽 하늘 둘러보면 모든 하늘은 그렇게 날 향해 있다죠 Please let my star rise on your night Please let my star rise on your night Please let my star rise on your night Please let my star rise on your night 별님 아름다운 별님 나도 어쩌면 별님처럼 빛이 될 수 있나요 나도 누군가의 별이 될 수 있을까 별님 아름다운 별님 될 수만 있다면 나도 빛을 내어 누군가를 바라보는 작은 별이 되고 싶네요 반짝반짝 작은 별님 날 조금만 비춰주세요 이제 어때 좀 봐줄 만은 한가요 동쪽 하늘 서쪽 하늘 둘러보면 모든 하늘은 그렇게 날 향해 있다죠
"햇살이 아파 (Feat. 마마무 '휘인', 오브로젝트 '윤닭')",스탠딩 에그,햇살이 아파 너와 함께 걷던 거리가 아파 내 귓가에 스친 노래가 아파 나도 모르게 길을 걷다가 자꾸 눈물이 나는걸 널 더 많이 사랑했다면 내 맘을 먼저 열었다면 지금 우린 달라졌을까 네가 만약 아직 혼자라면 내가 다가가도 된다면 예전처럼 우리가 다시 사랑할 수 있을까 햇살이 아파 너와 함께 걷던 거리가 아파 내 귓가에 스친 노래가 아파 나도 모르게 길을 걷다가 자꾸 눈물이 나는걸 모든게 그대로인게 마음에 안드네 난 여전히 아침에 깨서 출근 준비를 해 만나는 사람마다 내게 표정이 왜 그래 이런 소리 듣기 싫어서 괜찮은 척을 해 일 끝나 집에 오는 시간은 변함없이 여덟시 퇴근길에 들리던 식당은 아직도 열지 너무나 똑같아 내 아침부터 밤까지 TV를 켜놓고 누웠는데 왜 깜깜하지 햇살이 아파 너와 함께 걷던 거리가 아파 내 귓가에 스친 노래가 아파 나도 모르게 길을 걷다가 자꾸 눈물이 나는걸 흐르는 시간에 마음을 놔 버려도 자꾸만 사랑이 거슬러 너에게 달려가 하루가 끝나 갈 쯤이 되면 아주 잠시 잊고 있던 아픔이 또 내 머릿속을 비집고 나와 또 시작이네 언제쯤 이 기다림의 끝이 보일까 다시 돌아가야만 해 홀로 남겨진 갈 곳을 잃어버린 내 두 손도 헤어질 때 마다 안아줬었던 내 품도 너무나 허전해 다른 누가 와도 전에 네 빈자리를 채우기엔 네 흔적을 다 태우기엔 난 아직도 가슴이 아파아파 너와 함께했던 시간이 아파아파 네가 없는 나의 하루가 아파 널 사랑한 만큼 더 많이 아파 끝없이 생각나서
Good Night,10CM,오늘 무슨 일이 생길 것만 같은 고요하고도 거친 밤공기 바람소리 달빛에 너의 평화롭진 않았을 것 같은 어지럽고 탁한 긴긴 하루 너의 새벽 빈 창가  나쁜 기억에 아파하지 않았으면 숱한 고민에 밤새우지 않았으면 good night good night good night good night good night good night  또 나쁜 꿈에 뒤척이지 않았으면 빗물소리에 약한 생각 않았으면 팔베개 입맞춤 따뜻한 한 이불 나긋한 숨소리 이젠 함께 아니지만 눈물과 외로움 슬픔과 괴로움 하얗게 지운 듯 깊은 잠 예쁜 꿈속에 good night good night good night good night good night good night good night good night good night good night good night good night good night good night
바람이 불어오는 곳,제이레빗(J Rabbit),바람이 불어오는 곳 그 곳으로 가네 그대의 머리결같은 나무아래로 덜컹이는 기차에 기대어 너에게 편지를 쓴다 꿈에 보았던 그 길 그 길에 서있네 설레임과 두려움으로 불안한 행복이지만 우리가 느끼며 바라볼 하늘과 사람들 힘겨운 날들도 있지만 새로운 꿈들을 위해 바람이 불어 오는 곳 그 곳으로 가네 햇살이 눈부신 곳 그 곳으로 가네 바람에 내 몸맡기고 그 곳으로 가네 출렁이는 파도에 흔들려도 수평선을 바라보며 햇살이 웃고 있는 곳 그 곳으로 가네 나뭇잎이 손짓하는 곳 그 곳으로 가네 휘파람 불며 걷다가 너를 생각해 너의 목소리가 그리워도 뒤돌아 볼 수는 없지 바람이 불어 오는 곳 그 곳으로 가네
